rouge1,rouge2,rougeL,rougeLsum
0.4341496541478763,0.22080516871481642,0.3612162193490182,0.3608688709437435
